film_id,title,description,release_year,view_duration,rental_rate,length,rating,special_features,last_update,
1,ACADEMY DINOSAUR,A Epic Drama of a Feminist And a Mad Scientist who must Battle a Teacher in The Canadian Rockies,2006-01-01,6,0.99,86,PG,Deleted Scenes,Behind the Scenes,2006-02-15 05:03:42,
2,ACE GOLDFINGER,A Astounding Epistle of a Database Administrator And a Explorer who must Find a Car in Ancient China,2006-01-01,3,4.99,48,G,Trailers,Deleted Scenes,2006-02-15 05:03:42,
3,ADAPTATION HOLES,A Astounding Reflection of a Lumberjack And a Car who must Sink a Lumberjack in A Baloon Factory,2006-01-01,7,2.99,50,NC-17,Trailers,Deleted Scenes,2006-02-15 05:03:42,
4,AFFAIR PREJUDICE,A Fanciful Documentary of a Frisbee And a Lumberjack who must Chase a Monkey in A Shark Tank,2006-01-01,5,2.99,117,G,Commentaries,Behind the Scenes,2006-02-15 05:03:42,
5,AFRICAN EGG,A Fast-Paced Documentary of a Pastry Chef And a Dentist who must Pursue a Forensic Psychologist in The Gulf of Mexico,2006-01-01,6,2.99,130,G,Deleted Scenes,2006-02-15 05:03:42,
6,AGENT TRUMAN,A Intrepid Panorama of a Robot And a Boy who must Escape a Sumo Wrestler in Ancient China,2006-01-01,3,2.99,169,PG,Deleted Scenes,2006-02-15 05:03:42,
7,AIRPLANE SIERRA,A Touching Saga of a Hunter And a Butler who must Discover a Butler in A Jet Boat,2006-01-01,6,4.99,62,PG-13,Trailers,Deleted Scenes,2006-02-15 05:03:42,
8,AIRPORT POLLOCK,A Epic Tale of a Moose And a Girl who must Confront a Monkey in Ancient India,2006-01-01,6,4.99,54,R,Trailers,2006-02-15 05:03:42,
9,ALABAMA DEVIL,A Thoughtful Panorama of a Database Administrator And a Mad Scientist who must Outgun a Mad Scientist in A Jet Boat,2006-01-01,3,2.99,114,PG-13,Trailers,Deleted Scenes,2006-02-15 05:03:42,
13,ALI FOREVER,A Action-Packed Drama of a Dentist And a Crocodile who must Battle a Feminist in The Canadian Rockies,2006-01-01,4,4.99,150,PG,Deleted Scenes,Behind the Scenes,2006-02-15 05:03:42,
14,ALICE FANTASIA,A Emotional Drama of a A Shark And a Database Administrator who must Vanquish a Pioneer in Soviet Georgia,2006-01-01,6,0.99,94,NC-17,Trailers,Deleted Scenes,Behind the Scenes,2006-02-15 05:03:42,
15,ALIEN CENTER,A Brilliant Drama of a Cat And a Mad Scientist who must Battle a Feminist in A MySQL Convention,2006-01-01,5,2.99,46,NC-17,Trailers,Commentaries,Behind the Scenes,2006-02-15 05:03:42,
16,ALLEY EVOLUTION,A Fast-Paced Drama of a Robot And a Composer who must Battle a Astronaut in New Orleans,2006-01-01,6,2.99,180,NC-17,Trailers,Commentaries,2006-02-15 05:03:42,
17,ALONE TRIP,A Fast-Paced Character Study of a Composer And a Dog who must Outgun a Boat in An Abandoned Fun House,2006-01-01,3,0.99,82,R,Trailers,Behind the Scenes,2006-02-15 05:03:42,
18,ALTER VICTORY,A Thoughtful Drama of a Composer And a Feminist who must Meet a Secret Agent in The Canadian Rockies,2006-01-01,6,0.99,57,PG-13,Trailers,Behind the Scenes,2006-02-15 05:03:42,
19,AMADEUS HOLY,A Emotional Display of a Pioneer And a Technical Writer who must Battle a Man in A Baloon,2006-01-01,6,0.99,113,PG,Commentaries,Deleted Scenes,Behind the Scenes,2006-02-15 05:03:42,
22,Avengers Infinity War,Super Marvel,2017-01-01,33,5.20,3,PG,Trailers,2019-02-28 23:24:11,
24,Avengers Infinity War,Super Marvel,2017-01-01,33,5.20,3,PG,Trailers,2019-03-01 00:58:02,
27,Avengers Endgame,Super Marvel,2017-01-01,37,5.20,3,PG,Trailers,2019-03-01 02:20:46,
